{
    "Components": {
        "WaveComponent": {
            "WaveCount": 8,
            "PixelWaveCount": 8,
            "VertexFrequency": 0.9300000071525574,
            "VertexAmplitude": 1.0,
            "VertexInitialSpeed": 2.0399999618530273,
            "VertexSeed": 4.0,
            "VertexMaxPeak": 0.7699999809265137,
            "VertexPeakOffset": 1.159999966621399,
            "VertexFrequencyMult": 1.159999966621399,
            "VertexAmplitudeMult": 0.7900000214576721,
            "VertexSpeedRamp": 1.0700000524520874,
            "VertexSeedIter": 4.263000011444092,
            "VertexHeight": 1.4600000381469727,
            "VertexDrag": 0.5,
            "NormalStrength": 0.5,
            "SpecularNormalStrength": 1.0,
            "Shininess": 4.0,
            "TipAttenuation": 1.0,
            "DiffuseReflectance": [1.0, 1.0, 1.0],
            "SpecularReflectance": [0.6000000238418579, 0.6000000238418579, 0.6000000238418579],
            "AmbientColor": [0.20000000298023224, 0.20000000298023224, 0.20000000298023224],
            "TipColor": [1.0, 1.0, 1.0],
            "SpecularColor": [1.0, 1.0, 1.0, 1.0],
            "DiffuseColor": [0.0, 0.0, 1.0, 1.0]
        }
    }
}