{
    "Components": {
        "WaveComponent": {
            "WaveCount": 8,
            "PixelWaveCount": 8,
            "VertexFrequency": 1.0,
            "VertexAmplitude": 1.0,
            "VertexInitialSpeed": 1.4800000190734863,
            "VertexSeed": 3.5,
            "VertexMaxPeak": 0.8399999737739563,
            "VertexPeakOffset": 1.100000023841858,
            "VertexFrequencyMult": 1.3899999856948853,
            "VertexAmplitudeMult": 0.5699999928474426,
            "VertexSpeedRamp": 1.2000000476837158,
            "VertexSeedIter": 2.8929998874664307,
            "VertexHeight": 1.5299999713897705,
            "VertexDrag": 0.3799999952316284,
            "NormalStrength": 0.23000000417232513,
            "SpecularNormalStrength": 0.33000001311302185,
            "Shininess": 3.0,
            "TipAttenuation": 1.7100000381469727,
            "DiffuseReflectance": [1.6100000143051147, 2.5999999046325684, 2.4000000953674316],
            "SpecularReflectance": [0.5099999904632568, 0.47999998927116394, 0.6399999856948853],
            "AmbientColor": [0.0, 0.17128033936023712, 0.1764705777168274],
            "TipColor": [0.07381775975227356, 0.07422484457492828, 0.07843136787414551],
            "SpecularColor": [1.0, 1.0, 1.0, 1.0],
            "DiffuseColor": [0.1477796733379364, 0.35513806343078613, 0.7352941036224365, 1.0]
        }
    }
}