{
    "Components": {
        "WaveComponent": {
            "WaveCount": 8,
            "PixelWaveCount": 8,
            "VertexFrequency": 0.75,
            "VertexAmplitude": 1.0,
            "VertexInitialSpeed": 2.190000057220459,
            "VertexSeed": 4.0,
            "VertexMaxPeak": 1.2100000381469727,
            "VertexPeakOffset": 1.5299999713897705,
            "VertexFrequencyMult": 1.159999966621399,
            "VertexAmplitudeMult": 0.7699999809265137,
            "VertexSpeedRamp": 1.0499999523162842,
            "VertexSeedIter": 4.263000011444092,
            "VertexHeight": 1.4600000381469727,
            "VertexDrag": 0.5,
            "NormalStrength": 0.3799999952316284,
            "SpecularNormalStrength": 2.319999933242798,
            "Shininess": 11.0,
            "TipAttenuation": 1.7100000381469727,
            "DiffuseReflectance": [1.6100000143051147, 1.5499999523162842, 1.7300000190734863],
            "SpecularReflectance": [0.6000000238418579, 0.6000000238418579, 0.6000000238418579],
            "AmbientColor": [0.0, 0.1427336186170578, 0.14705884456634521],
            "TipColor": [0.29901963472366333, 0.29901963472366333, 0.29901963472366333],
            "SpecularColor": [1.0, 1.0, 1.0, 1.0],
            "DiffuseColor": [0.04916379600763321, 0.1927114725112915, 0.45588237047195435, 1.0]
        }
    }
}