{
    "Components": {
        "WaveComponent": {
            "WaveCount": 8,
            "PixelWaveCount": 8,
            "VertexFrequency": 0.7799999713897705,
            "VertexAmplitude": 1.0,
            "VertexInitialSpeed": 2.0,
            "VertexSeed": 0.0,
            "VertexMaxPeak": 1.2999999523162842,
            "VertexPeakOffset": 1.2899999618530273,
            "VertexFrequencyMult": 1.1100000143051147,
            "VertexAmplitudeMult": 0.8199999928474426,
            "VertexSpeedRamp": 1.0700000524520874,
            "VertexSeedIter": 1253.1829833984375,
            "VertexHeight": 1.0,
            "VertexDrag": 0.20999999344348907,
            "NormalStrength": 0.5099999904632568,
            "SpecularNormalStrength": 3.700000047683716,
            "Shininess": 14.0,
            "TipAttenuation": 1.7000000476837158,
            "DiffuseReflectance": [1.0, 1.0, 1.0],
            "SpecularReflectance": [2.0, 2.0, 2.0],
            "AmbientColor": [0.03200693055987358, 0.21683120727539063, 0.36274510622024536],
            "TipColor": [0.09803920984268188, 0.09803920984268188, 0.09803920984268188],
            "SpecularColor": [0.0, 0.0, 0.0, 1.0],
            "DiffuseColor": [0.0, 0.1418689340353012, 0.4019607901573181, 1.0],
            "FresnelNormalStrength": 1.659000039100647,
            "FresnelStrength": 0.5899999737739563,
            "FresnelShininess": 9.220000267028809,
            "FresnelBias": 0.15600000321865082,
            "FresnelColor": [1.0, 1.0, 1.0, 1.0]
        }
    }
}