{
    "Components": {
        "WaveComponent": {
            "WaveCount": 8,
            "PixelWaveCount": 8,
            "VertexFrequency": 0.7799999713897705,
            "VertexAmplitude": 1.0,
            "VertexInitialSpeed": 2,
            "VertexSeed": 0,
            "VertexMaxPeak": 0.9200000166893005,
            "VertexPeakOffset": 1.0199999809265137,
            "VertexFrequencyMult": 1.18,
            "VertexAmplitudeMult": 0.6499999761581421,
            "VertexSpeedRamp": 1.07,
            "VertexSeedIter": 1253.2131,
            "VertexHeight": 1,
            "VertexDrag": 1,
            "NormalStrength": 0.23000000417232513,
            "SpecularNormalStrength": 0.009999999776482582,
            "Shininess": 67.0,
            "TipAttenuation": 1.4299999475479126,
            "DiffuseReflectance": [1.6100000143051147, 2.5999999046325684, 2.4000000953674316],
            "SpecularReflectance": [0.8500000238418579, 0.7200000286102295, 0.8999999761581421],
            "AmbientColor": [0.0373414047062397, 0.20092535018920898, 0.20588237047195435],
            "TipColor": [0.11764705181121826, 0.11764705181121826, 0.11764705181121826],
            "SpecularColor": [0.7352941036224365, 1.0, 0.0, 1.0],
            "DiffuseColor": [0.0, 0.1418689340353012, 0.4019607901573181, 1.0],
            "FresnelNormalStrength": 1.3589999675750732,
            "FresnelStrength": 0.4580000042915344,
            "FresnelShininess": 8.5,
            "FresnelBias": 0.17399999499320984,
            "FresnelColor": [1.0, 1.0, 1.0, 1.0]
        }
    }
}