{
    "Components": {
        "WaveComponent": {
            "WaveCount": 1,
            "VertexFrequency": 1.2999999523162842,
            "VertexAmplitude": 2.490000009536743,
            "VertexInitialSpeed": 1.4199999570846558,
            "VertexSeed": 1.2200000286102295,
            "VertexMaxPeak": 0.27000001072883606,
            "VertexPeakOffset": 0.36000001430511475,
            "VertexFrequencyMult": 1.149999976158142,
            "VertexAmplitudeMult": 0.27000001072883606,
            "VertexSpeedRamp": 2.190000057220459,
            "VertexSeedIter": 1.152999997138977,
            "VertexHeight": 1.5099999904632568,
          "VertexDrag": 3.2899999618530273,
          "NormalStrength": 0.5,
          "SpecularNormalStrength": 1.0,
          "Shininess": 4.0,
          "TipAttenuation": 1.0,
          "DiffuseReflectance": [ 1.0, 1.0, 1.0 ]

        }
    }
}